cycle,year,date,total_harps,missing_rows,missing_percent,cmask_zero_rows,cmask_zero_percent,query_error
Cycle24,2011,2011.03.15_12:00:00_TAI,8,1,12.5,1,12.5,False
Cycle24,2011,2011.06.15_12:00:00_TAI,9,0,0.0,0,0.0,False
Cycle24,2011,2011.09.15_12:00:00_TAI,12,1,8.33,1,8.33,False
Cycle24,2011,2011.12.15_12:00:00_TAI,13,5,38.46,5,38.46,False
Cycle24,2012,2012.03.15_12:00:00_TAI,12,1,8.33,1,8.33,False
Cycle24,2012,2012.06.15_12:00:00_TAI,8,0,0.0,0,0.0,False
Cycle24,2012,2012.09.15_12:00:00_TAI,10,0,0.0,0,0.0,False
Cycle24,2012,2012.12.15_12:00:00_TAI,15,0,0.0,0,0.0,False
Cycle24,2013,2013.03.15_12:00:00_TAI,13,3,23.08,3,23.08,False
Cycle24,2013,2013.06.15_12:00:00_TAI,10,2,20.0,2,20.0,False
Cycle24,2013,2013.09.15_12:00:00_TAI,12,3,25.0,3,25.0,False
Cycle24,2013,2013.12.15_12:00:00_TAI,12,3,25.0,3,25.0,False
Cycle24,2014,2014.03.15_12:00:00_TAI,0,0,,0,,False
Cycle24,2014,2014.06.15_12:00:00_TAI,17,4,23.53,4,23.53,False
Cycle24,2014,2014.09.15_12:00:00_TAI,17,2,11.76,2,11.76,False
Cycle24,2014,2014.12.15_12:00:00_TAI,11,0,0.0,0,0.0,False
Cycle24,2015,2015.03.15_12:00:00_TAI,17,4,23.53,4,23.53,False
Cycle24,2015,2015.06.15_12:00:00_TAI,16,4,25.0,3,18.75,False
Cycle24,2015,2015.09.15_12:00:00_TAI,6,1,16.67,1,16.67,False
Cycle24,2015,2015.12.15_12:00:00_TAI,13,2,15.38,2,15.38,False
Cycle24,2016,2016.03.15_12:00:00_TAI,9,5,55.56,5,55.56,False
Cycle24,2016,2016.06.15_12:00:00_TAI,8,0,0.0,0,0.0,False
Cycle24,2016,2016.09.15_12:00:00_TAI,4,0,0.0,0,0.0,False
Cycle24,2016,2016.12.15_12:00:00_TAI,3,0,0.0,0,0.0,False
Cycle24,2017,2017.03.15_12:00:00_TAI,0,0,,0,,False
Cycle24,2017,2017.06.15_12:00:00_TAI,5,0,0.0,0,0.0,False
Cycle24,2017,2017.09.15_12:00:00_TAI,2,0,0.0,0,0.0,False
Cycle24,2017,2017.12.15_12:00:00_TAI,5,2,40.0,2,40.0,False
Cycle24,2018,2018.03.15_12:00:00_TAI,1,1,100.0,1,100.0,False
Cycle24,2018,2018.06.15_12:00:00_TAI,1,0,0.0,0,0.0,False
Cycle24,2018,2018.09.15_12:00:00_TAI,2,1,50.0,1,50.0,False
Cycle24,2018,2018.12.15_12:00:00_TAI,2,0,0.0,0,0.0,False
Cycle24,2019,2019.03.15_12:00:00_TAI,2,2,100.0,2,100.0,False
Cycle24,2019,2019.06.15_12:00:00_TAI,0,0,,0,,False
Cycle24,2019,2019.09.15_12:00:00_TAI,0,0,,0,,False
Cycle24,2019,2019.12.15_12:00:00_TAI,0,0,,0,,False
Cycle25,2020,2020.03.15_12:00:00_TAI,1,1,100.0,1,100.0,False
Cycle25,2020,2020.06.15_12:00:00_TAI,1,0,0.0,0,0.0,False
Cycle25,2020,2020.09.15_12:00:00_TAI,0,0,,0,,False
Cycle25,2020,2020.12.15_12:00:00_TAI,3,0,0.0,0,0.0,False
Cycle25,2021,2021.03.15_12:00:00_TAI,4,1,25.0,1,25.0,False
Cycle25,2021,2021.06.15_12:00:00_TAI,6,0,0.0,0,0.0,False
Cycle25,2021,2021.09.15_12:00:00_TAI,2,0,0.0,0,0.0,False
Cycle25,2021,2021.12.15_12:00:00_TAI,6,2,33.33,2,33.33,False
Cycle25,2022,2022.03.15_12:00:00_TAI,9,0,0.0,0,0.0,False
Cycle25,2022,2022.06.15_12:00:00_TAI,11,1,9.09,1,9.09,False
Cycle25,2022,2022.09.15_12:00:00_TAI,10,0,0.0,0,0.0,False
Cycle25,2022,2022.12.15_12:00:00_TAI,16,4,25.0,4,25.0,False
Cycle25,2023,2023.03.15_12:00:00_TAI,20,3,15.0,3,15.0,False
Cycle25,2023,2023.06.15_12:00:00_TAI,17,4,23.53,4,23.53,False
Cycle25,2023,2023.09.15_12:00:00_TAI,18,2,11.11,2,11.11,False
Cycle25,2023,2023.12.15_12:00:00_TAI,12,2,16.67,2,16.67,False
Cycle25,2024,2024.03.15_12:00:00_TAI,24,2,8.33,2,8.33,False
Cycle25,2024,2024.06.15_12:00:00_TAI,24,4,16.67,4,16.67,False
Cycle25,2024,2024.09.15_12:00:00_TAI,17,2,11.76,2,11.76,False
Cycle25,2024,2024.12.15_12:00:00_TAI,20,4,20.0,4,20.0,False
Cycle25,2025,2025.03.15_12:00:00_TAI,18,5,27.78,5,27.78,False
Cycle25,2025,2025.06.15_12:00:00_TAI,17,2,11.76,2,11.76,False
Cycle25,2025,2025.09.15_12:00:00_TAI,15,3,20.0,3,20.0,False
Cycle25,2025,2025.12.15_12:00:00_TAI,10,1,10.0,1,10.0,False
